Hall,Spg_num,Spg_full,Symbol,P,P^-1,Permutation
1,1,1,P 1,"a,b,c","a,b,c",0
2,2,2,P -1,"a,b,c","a,b,c",0
3,3,3:b,P 1 2 1,"a,b,c","a,b,c",0
4,3,3:c,P 1 1 2,"c,a,b","b,c,a",1
5,3,3:a,P 2 1 1,"b,c,a","c,a,b",1
6,4,4:b,P 1 21 1,"a,b,c","a,b,c",0
7,4,4:c,P 1 1 21,"c,a,b","b,c,a",1
8,4,4:a,P 21 1 1,"b,c,a","c,a,b",1
9,5,5:b1,C 1 2 1,"a,b,c","a,b,c",0
10,5,5:b2,A 1 2 1,"c,-b,a","c,-b,a",0
11,5,5:b3,I 1 2 1,"c,b,-a-c","-a-c,b,a",0
12,5,5:c1,A 1 1 2,"c,a,b","b,c,a",1
13,5,5:c2,B 1 1 2,"a,c,-b","a,-c,b",1
14,5,5:c3,I 1 1 2,"-a-c,c,b","-a-b,c,b",1
15,5,5:a1,B 2 1 1,"b,c,a","c,a,b",1
16,5,5:a2,C 2 1 1,"-b,a,c","b,-a,c",1
17,5,5:a3,I 2 1 1,"b,-a-c,c","-b-c,a,c",1
18,6,6:b,P 1 m 1,"a,b,c","a,b,c",0
19,6,6:c,P 1 1 m,"c,a,b","b,c,a",1
20,6,6:a,P m 1 1,"b,c,a","c,a,b",1
21,7,7:b1,P 1 c 1,"a,b,c","a,b,c",0
22,7,7:b2,P 1 n 1,"-a-c,b,a","c,b,-a-c",0
23,7,7:b3,P 1 a 1,"c,-b,a","c,-b,a",0
24,7,7:c1,P 1 1 a,"c,a,b","b,c,a",1
25,7,7:c2,P 1 1 n,"a,-a-c,b","a,c,-a-b",1
26,7,7:c3,P 1 1 b,"a,c,-b","a,-c,b",1
27,7,7:a1,P b 1 1,"b,c,a","c,a,b",1
28,7,7:a2,P n 1 1,"b,a,-a-c","b,a,-b-c",1
29,7,7:a3,P c 1 1,"-b,a,c","b,-a,c",1
30,8,8:b1,C 1 m 1,"a,b,c","a,b,c",0
31,8,8:b2,A 1 m 1,"c,-b,a","c,-b,a",0
32,8,8:b3,I 1 m 1,"c,b,-a-c","-a-c,b,a",0
33,8,8:c1,A 1 1 m,"c,a,b","b,c,a",1
34,8,8:c2,B 1 1 m,"a,c,-b","a,-c,b",1
35,8,8:c3,I 1 1 m,"-a-c,c,b","-a-b,c,b",1
36,8,8:a1,B m 1 1,"b,c,a","c,a,b",1
37,8,8:a2,C m 1 1,"-b,a,c","b,-a,c",1
38,8,8:a3,I m 1 1,"b,-a-c,c","-b-c,a,c",1
39,9,9:b1,C 1 c 1,"a,b,c","a,b,c",0
40,9,9:b2,A 1 n 1,"-a-c,b,a","c,b,-a-c",0
41,9,9:b3,I 1 a 1,"c,b,-a-c","-a-c,b,a",0
42,9,9:-b1,A 1 a 1,"c,-b,a","c,-b,a",0
43,9,9:-b2,C 1 n 1,"a,-b,-a-c","a,-b,-a-c",0
44,9,9:-b3,I 1 c 1,"-a-c,-b,c","-a-c,-b,c",0
45,9,9:c1,A 1 1 a,"c,a,b","b,c,a",1
46,9,9:c2,B 1 1 n,"a,-a-c,b","a,c,-a-b",1
47,9,9:c3,I 1 1 b,"-a-c,c,b","-a-b,c,b",1
48,9,9:-c1,B 1 1 b,"a,c,-b","a,-c,b",1
49,9,9:-c2,A 1 1 n,"-a-c,a,-b","b,-c,-a-b",1
50,9,9:-c3,I 1 1 a,"c,-a-c,-b","-a-b,-c,a",1
51,9,9:a1,B b 1 1,"b,c,a","c,a,b",1
52,9,9:a2,C n 1 1,"b,a,-a-c","b,a,-b-c",1
53,9,9:a3,I c 1 1,"b,-a-c,c","-b-c,a,c",1
54,9,9:-a1,C c 1 1,"-b,a,c","b,-a,c",1
55,9,9:-a2,B n 1 1,"-b,-a-c,a","c,-a,-b-c",1
56,9,9:-a3,I b 1 1,"-b,c,-a-c","-b-c,-a,b",1
57,10,10:b,P 1 2/m 1,"a,b,c","a,b,c",0
58,10,10:c,P 1 1 2/m,"c,a,b","b,c,a",1
59,10,10:a,P 2/m 1 1,"b,c,a","c,a,b",1
60,11,11:b,P 1 21/m 1,"a,b,c","a,b,c",0
61,11,11:c,P 1 1 21/m,"c,a,b","b,c,a",1
62,11,11:a,P 21/m 1 1,"b,c,a","c,a,b",1
63,12,12:b1,C 1 2/m 1,"a,b,c","a,b,c",0
64,12,12:b2,A 1 2/m 1,"c,-b,a","c,-b,a",0
65,12,12:b3,I 1 2/m 1,"c,b,-a-c","-a-c,b,a",0
66,12,12:c1,A 1 1 2/m,"c,a,b","b,c,a",1
67,12,12:c2,B 1 1 2/m,"a,c,-b","a,-c,b",1
68,12,12:c3,I 1 1 2/m,"-a-c,c,b","-a-b,c,b",1
69,12,12:a1,B 2/m 1 1,"b,c,a","c,a,b",1
70,12,12:a2,C 2/m 1 1,"-b,a,c","b,-a,c",1
71,12,12:a3,I 2/m 1 1,"b,-a-c,c","-b-c,a,c",1
72,13,13:b1,P 1 2/c 1,"a,b,c","a,b,c",0
73,13,13:b2,P 1 2/n 1,"-a-c,b,a","c,b,-a-c",0
74,13,13:b3,P 1 2/a 1,"c,-b,a","c,-b,a",0
75,13,13:c1,P 1 1 2/a,"c,a,b","b,c,a",1
76,13,13:c2,P 1 1 2/n,"a,-a-c,b","a,c,-a-b",1
77,13,13:c3,P 1 1 2/b,"a,c,-b","a,-c,b",1
78,13,13:a1,P 2/b 1 1,"b,c,a","c,a,b",1
79,13,13:a2,P 2/n 1 1,"b,a,-a-c","b,a,-b-c",1
80,13,13:a3,P 2/c 1 1,"-b,a,c","b,-a,c",1
81,14,14:b1,P 1 21/c 1,"a,b,c","a,b,c",0
82,14,14:b2,P 1 21/n 1,"-a-c,b,a","c,b,-a-c",0
83,14,14:b3,P 1 21/a 1,"c,-b,a","c,-b,a",0
84,14,14:c1,P 1 1 21/a,"c,a,b","b,c,a",1
85,14,14:c2,P 1 1 21/n,"a,-a-c,b","a,c,-a-b",1
86,14,14:c3,P 1 1 21/b,"-a-c,c,b","-a-b,c,b",1
87,14,14:a1,P 21/b 1 1,"b,c,a","c,a,b",1
88,14,14:a2,P 21/n 1 1,"b,a,-a-c","b,a,-b-c",1
89,14,14:a3,P 21/c 1 1,"b,-a-c,c","-b-c,a,c",1
90,15,15:b1,C 1 2/c 1,"a,b,c","a,b,c",0
91,15,15:b2,A 1 2/n 1,"-a-c,b,a","c,b,-a-c",0
92,15,15:b3,I 1 2/a 1,"c,b,-a-c","-a-c,b,a",0
93,15,15:-b1,A 1 2/a 1,"c,-b,a","c,-b,a",0
94,15,15:-b2,C 1 2/n 1,"a,-b,-a-c","a,-b,-a-c",0
95,15,15:-b3,I 1 2/c 1,"-a-c,-b,c","-a-c,-b,c",0
96,15,15:c1,A 1 1 2/a,"c,a,b","b,c,a",1
97,15,15:c2,B 1 1 2/n,"a,-a-c,b","a,c,-a-b",1
98,15,15:c3,I 1 1 2/b,"-a-c,c,b","-a-b,c,b",1
99,15,15:-c1,B 1 1 2/b,"a,c,-b","a,-c,b",1
100,15,15:-c2,A 1 1 2/n,"-a-c,a,-b","b,-c,-a-b",1
101,15,15:-c3,I 1 1 2/a,"c,-a-c,-b","-a-b,-c,a",1
102,15,15:a1,B 2/b 1 1,"b,c,a","c,a,b",1
103,15,15:a2,C 2/n 1 1,"b,a,-a-c","b,a,-b-c",1
104,15,15:a3,I 2/c 1 1,"b,-a-c,c","-b-c,a,c",1
105,15,15:-a1,C 2/c 1 1,"-b,a,c","b,-a,c",1
106,15,15:-a2,B 2/n 1 1,"-b,-a-c,a","c,-a,-b-c",1
107,15,15:-a3,I 2/b 1 1,"-b,c,-a-c","-b-c,-a,b",1
108,16,16,P 2 2 2,"a,b,c","a,b,c",0
109,17,17,P 2 2 21,"a,b,c","a,b,c",0
110,17,17:cab,P 21 2 2,"c,a,b","b,c,a",1
111,17,17:bca,P 2 21 2,"b,c,a","c,a,b",1
112,18,18,P 21 21 2,"a,b,c","a,b,c",0
113,18,18:cab,P 2 21 21,"c,a,b","b,c,a",1
114,18,18:bca,P 21 2 21,"b,c,a","c,a,b",1
115,19,19,P 21 21 21,"a,b,c","a,b,c",0
116,20,20,C 2 2 21,"a,b,c","a,b,c",0
117,20,20:cab,A 21 2 2,"c,a,b","b,c,a",1
118,20,20:bca,B 2 21 2,"b,c,a","c,a,b",1
119,21,21,C 2 2 2,"a,b,c","a,b,c",0
120,21,21:cab,A 2 2 2,"c,a,b","b,c,a",1
121,21,21:bca,B 2 2 2,"b,c,a","c,a,b",1
122,22,22,F 2 2 2,"a,b,c","a,b,c",0
123,23,23,I 2 2 2,"a,b,c","a,b,c",0
124,24,24,I 21 21 21,"a,b,c","a,b,c",0
125,25,25,P m m 2,"a,b,c","a,b,c",0
126,25,25:cab,P 2 m m,"c,a,b","b,c,a",1
127,25,25:bca,P m 2 m,"b,c,a","c,a,b",1
128,26,26,P m c 21,"a,b,c","a,b,c",0
129,26,26:ba-c,P c m 21,"b,a,-c","b,a,-c",1
130,26,26:cab,P 21 m a,"c,a,b","b,c,a",1
131,26,26:-cba,P 21 a m,"-c,b,a","c,b,-a",1
132,26,26:bca,P b 21 m,"b,c,a","c,a,b",1
133,26,26:a-cb,P m 21 b,"a,-c,b","a,c,-b",1
134,27,27,P c c 2,"a,b,c","a,b,c",0
135,27,27:cab,P 2 a a,"c,a,b","b,c,a",1
136,27,27:bca,P b 2 b,"b,c,a","c,a,b",1
137,28,28,P m a 2,"a,b,c","a,b,c",0
138,28,28:ba-c,P b m 2,"b,a,-c","b,a,-c",1
139,28,28:cab,P 2 m b,"c,a,b","b,c,a",1
140,28,28:-cba,P 2 c m,"-c,b,a","c,b,-a",1
141,28,28:bca,P c 2 m,"b,c,a","c,a,b",1
142,28,28:a-cb,P m 2 a,"a,-c,b","a,c,-b",1
143,29,29,P c a 21,"a,b,c","a,b,c",0
144,29,29:ba-c,P b c 21,"b,a,-c","b,a,-c",1
145,29,29:cab,P 21 a b,"c,a,b","b,c,a",1
146,29,29:-cba,P 21 c a,"-c,b,a","c,b,-a",1
147,29,29:bca,P c 21 b,"b,c,a","c,a,b",1
148,29,29:a-cb,P b 21 a,"a,-c,b","a,c,-b",1
149,30,30,P n c 2,"a,b,c","a,b,c",0
150,30,30:ba-c,P c n 2,"b,a,-c","b,a,-c",1
151,30,30:cab,P 2 n a,"c,a,b","b,c,a",1
152,30,30:-cba,P 2 a n,"-c,b,a","c,b,-a",1
153,30,30:bca,P b 2 n,"b,c,a","c,a,b",1
154,30,30:a-cb,P n 2 b,"a,-c,b","a,c,-b",1
155,31,31,P m n 21,"a,b,c","a,b,c",0
156,31,31:ba-c,P n m 21,"b,a,-c","b,a,-c",1
157,31,31:cab,P 21 m n,"c,a,b","b,c,a",1
158,31,31:-cba,P 21 n m,"-c,b,a","c,b,-a",1
159,31,31:bca,P n 21 m,"b,c,a","c,a,b",1
160,31,31:a-cb,P m 21 n,"a,-c,b","a,c,-b",1
161,32,32,P b a 2,"a,b,c","a,b,c",0
162,32,32:cab,P 2 c b,"c,a,b","b,c,a",1
163,32,32:bca,P c 2 a,"b,c,a","c,a,b",1
164,33,33,P n a 21,"a,b,c","a,b,c",0
165,33,33:ba-c,P b n 21,"b,a,-c","b,a,-c",1
166,33,33:cab,P 21 n b,"c,a,b","b,c,a",1
167,33,33:-cba,P 21 c n,"-c,b,a","c,b,-a",1
168,33,33:bca,P c 21 n,"b,c,a","c,a,b",1
169,33,33:a-cb,P n 21 a,"a,-c,b","a,c,-b",1
170,34,34,P n n 2,"a,b,c","a,b,c",0
171,34,34:cab,P 2 n n,"c,a,b","b,c,a",1
172,34,34:bca,P n 2 n,"b,c,a","c,a,b",1
173,35,35,C m m 2,"a,b,c","a,b,c",0
174,35,35:cab,A 2 m m,"c,a,b","b,c,a",1
175,35,35:bca,B m 2 m,"b,c,a","c,a,b",1
176,36,36,C m c 21,"a,b,c","a,b,c",0
177,36,36:ba-c,C c m 21,"b,a,-c","b,a,-c",1
178,36,36:cab,A 21 m a,"c,a,b","b,c,a",1
179,36,36:-cba,A 21 a m,"-c,b,a","c,b,-a",1
180,36,36:bca ,B b 21 m,"b,c,a","c,a,b",1
181,36,36:a-cb,B m 21 b,"a,-c,b","a,c,-b",1
182,37,37,C c c 2,"a,b,c","a,b,c",0
183,37,37:cab,A 2 a a,"c,a,b","b,c,a",1
184,37,37:bca,B b 2 b,"b,c,a","c,a,b",1
185,38,38,A m m 2,"a,b,c","a,b,c",0
186,38,38:ba-c,B m m 2,"b,a,-c","b,a,-c",1
187,38,38:cab,B 2 m m,"c,a,b","b,c,a",1
188,38,38:-cba,C 2 m m,"-c,b,a","c,b,-a",1
189,38,38:bca,C m 2 m,"b,c,a","c,a,b",1
190,38,38:a-cb,A m 2 m,"a,-c,b","a,c,-b",1
191,39,39,A b m 2,"a,b,c","a,b,c",0
192,39,39:ba-c,B m a 2,"b,a,-c","b,a,-c",1
193,39,39:cab,B 2 c m,"c,a,b","b,c,a",1
194,39,39:-cba,C 2 m b,"-c,b,a","c,b,-a",1
195,39,39:bca,C m 2 a,"b,c,a","c,a,b",1
196,39,39:a-cb,A c 2 m,"a,-c,b","a,c,-b",1
197,40,40,A m a 2,"a,b,c","a,b,c",0
198,40,40:ba-c,B b m 2,"b,a,-c","b,a,-c",1
199,40,40:cab,B 2 m b,"c,a,b","b,c,a",1
200,40,40:-cba,C 2 c m,"-c,b,a","c,b,-a",1
201,40,40:bca,C c 2 m,"b,c,a","c,a,b",1
202,40,40:a-cb,A m 2 a,"a,-c,b","a,c,-b",1
203,41,41,A b a 2,"a,b,c","a,b,c",0
204,41,41:ba-c,B b a 2,"b,a,-c","b,a,-c",1
205,41,41:cab,B 2 c b,"c,a,b","b,c,a",1
206,41,41:-cba,C 2 c b,"-c,b,a","c,b,-a",1
207,41,41:bca,C c 2 a,"b,c,a","c,a,b",1
208,41,41:a-cb,A c 2 a,"a,-c,b","a,c,-b",1
209,42,42,F m m 2,"a,b,c","a,b,c",0
210,42,42:cab,F 2 m m,"c,a,b","b,c,a",1
211,42,42:bca,F m 2 m,"b,c,a","c,a,b",1
212,43,43,F d d 2,"a,b,c","a,b,c",0
213,43,43:cab,F 2 d d,"c,a,b","b,c,a",1
214,43,43:bca,F d 2 d,"b,c,a","c,a,b",1
215,44,44,I m m 2,"a,b,c","a,b,c",0
216,44,44:cab,I 2 m m,"c,a,b","b,c,a",1
217,44,44:bca,I m 2 m,"b,c,a","c,a,b",1
218,45,45,I b a 2,"a,b,c","a,b,c",0
219,45,45:cab,I 2 c b,"c,a,b","b,c,a",1
220,45,45:bca,I c 2 a,"b,c,a","c,a,b",1
221,46,46,I m a 2,"a,b,c","a,b,c",0
222,46,46:ba-c,I b m 2,"b,a,-c","b,a,-c",1
223,46,46:cab,I 2 m b,"c,a,b","b,c,a",1
224,46,46:-cba,I 2 c m,"-c,b,a","c,b,-a",1
225,46,46:bca ,I c 2 m,"b,c,a","c,a,b",1
226,46,46:a-cb,I m 2 a,"a,-c,b","a,c,-b",1
227,47,47,P m m m,"a,b,c","a,b,c",0
228,48,48:1,P n n n:1,"a+1/4,b+1/4,c+1/4","a-1/4,b-1/4,c-1/4",0
229,48,48:2,P n n n:2,"a,b,c","a,b,c",0
230,49,49,P c c m,"a,b,c","a,b,c",0
231,49,49:cab,P m a a,"c,a,b","b,c,a",1
232,49,49:bca,P b m b,"b,c,a","c,a,b",1
233,50,50:1,P b a n:1,"a+1/4,b+1/4,c","a-1/4,b-1/4,c",0
234,50,50:2,P b a n:2,"a,b,c","a,b,c",0
235,50,50:1cab,P n c b:1,"c+1/4,a+1/4,b","b,c-1/4,a-1/4",1
236,50,50:2cab,P n c b:2,"c,a,b","b,c,a",1
237,50,50:1bca,P c n a:1,"b+1/4,c+1/4,a","c-1/4,a,b-1/4",1
238,50,50:2bca,P c n a:2,"b,c,a","c,a,b",1
239,51,51,P m m a,"a,b,c","a,b,c",0
240,51,51:ba-c,P m m b,"b,a,-c","b,a,-c",1
241,51,51:cab,P b m m,"c,a,b","b,c,a",1
242,51,51:-cba,P c m m,"-c,b,a","c,b,-a",1
243,51,51:bca,P m c m,"b,c,a","c,a,b",1
244,51,51:a-cb,P m a m,"a,-c,b","a,c,-b",1
245,52,52,P n n a,"a,b,c","a,b,c",0
246,52,52:ba-c,P n n b,"b,a,-c","b,a,-c",1
247,52,52:cab,P b n n,"c,a,b","b,c,a",1
248,52,52:-cba,P c n n,"-c,b,a","c,b,-a",1
249,52,52:bca,P n c n,"b,c,a","c,a,b",1
250,52,52:a-cb,P n a n,"a,-c,b","a,c,-b",1
251,53,53,P m n a,"a,b,c","a,b,c",0
252,53,53:ba-c,P n m b,"b,a,-c","b,a,-c",1
253,53,53:cab,P b m n,"c,a,b","b,c,a",1
254,53,53:-cba,P c n m,"-c,b,a","c,b,-a",1
255,53,53:bca,P n c m,"b,c,a","c,a,b",1
256,53,53:a-cb,P m a n,"a,-c,b","a,c,-b",1
257,54,54,P c c a,"a,b,c","a,b,c",0
258,54,54:ba-c,P c c b,"b,a,-c","b,a,-c",1
259,54,54:cab,P b a a,"c,a,b","b,c,a",1
260,54,54:-cba,P c a a,"-c,b,a","c,b,-a",1
261,54,54:bca,P b c b,"b,c,a","c,a,b",1
262,54,54:a-cb,P b a b,"a,-c,b","a,c,-b",1
263,55,55,P b a m,"a,b,c","a,b,c",0
264,55,55:cab,P m c b,"c,a,b","b,c,a",1
265,55,55:bca,P c m a,"b,c,a","c,a,b",1
266,56,56,P c c n,"a,b,c","a,b,c",0
267,56,56:cab,P n a a,"c,a,b","b,c,a",1
268,56,56:bca,P b n b,"b,c,a","c,a,b",1
269,57,57,P b c m,"a,b,c","a,b,c",0
270,57,57:ba-c,P c a m,"b,a,-c","b,a,-c",1
271,57,57:cab,P m c a,"c,a,b","b,c,a",1
272,57,57:-cba,P m a b,"-c,b,a","c,b,-a",1
273,57,57:bca,P b m a,"b,c,a","c,a,b",1
274,57,57:a-cb,P c m b,"a,-c,b","a,c,-b",1
275,58,58,P n n m,"a,b,c","a,b,c",0
276,58,58:cab,P m n n,"c,a,b","b,c,a",1
277,58,58:bca,P n m n,"b,c,a","c,a,b",1
278,59,59:1,P m m n:1,"a+1/4,b+1/4,c","a-1/4,b-1/4,c",0
279,59,59:2,P m m n:2,"a,b,c","a,b,c",0
280,59,59:1cab,P n m m:1,"c+1/4,a+1/4,b","b,c-1/4,a-1/4",1
281,59,59:2cab,P n m m:2,"c,a,b","b,c,a",1
282,59,59:1bca,P m n m:1,"b+1/4,c+1/4,a","c-1/4,a,b-1/4",1
283,59,59:2bca,P m n m:2,"b,c,a","c,a,b",1
284,60,60,P b c n,"a,b,c","a,b,c",0
285,60,60:ba-c,P c a n,"b,a,-c","b,a,-c",1
286,60,60:cab,P n c a,"c,a,b","b,c,a",1
287,60,60:-cba,P n a b,"-c,b,a","c,b,-a",1
288,60,60:bca,P b n a,"b,c,a","c,a,b",1
289,60,60:a-cb,P c n b,"a,-c,b","a,c,-b",1
290,61,61,P b c a,"a,b,c","a,b,c",0
291,61,61:ba-c,P c a b,"b,a,-c","b,a,-c",1
292,62,62,P n m a,"a,b,c","a,b,c",0
293,62,62:ba-c,P m n b,"b,a,-c","b,a,-c",1
294,62,62:cab,P b n m,"c,a,b","b,c,a",1
295,62,62:-cba,P c m n,"-c,b,a","c,b,-a",1
296,62,62:bca,P m c n,"b,c,a","c,a,b",1
297,62,62:a-cb,P n a m,"a,-c,b","a,c,-b",1
298,63,63,C m c m,"a,b,c","a,b,c",0
299,63,63:ba-c,C c m m,"b,a,-c","b,a,-c",1
300,63,63:cab,A m m a,"c,a,b","b,c,a",1
301,63,63:-cba,A m a m,"-c,b,a","c,b,-a",1
302,63,63:bca,B b m m,"b,c,a","c,a,b",1
303,63,63:a-cb,B m m b,"a,-c,b","a,c,-b",1
304,64,64,C m c a,"a,b,c","a,b,c",0
305,64,64:ba-c,C c m b,"b,a,-c","b,a,-c",1
306,64,64:cab,A b m a,"c,a,b","b,c,a",1
307,64,64:-cba,A c a m,"-c,b,a","c,b,-a",1
308,64,64:bca,B b c m,"b,c,a","c,a,b",1
309,64,64:a-cb,B m a b,"a,-c,b","a,c,-b",1
310,65,65,C m m m,"a,b,c","a,b,c",0
311,65,65:cab,A m m m,"c,a,b","b,c,a",1
312,65,65:bca,B m m m,"b,c,a","c,a,b",1
313,66,66,C c c m,"a,b,c","a,b,c",0
314,66,66:cab,A m a a,"c,a,b","b,c,a",1
315,66,66:bca,B b m b,"b,c,a","c,a,b",1
316,67,67,C m m a,"a,b,c","a,b,c",0
317,67,67:ba-c,C m m b,"b,a,-c","b,a,-c",1
318,67,67:cab,A b m m,"c,a,b","b,c,a",1
319,67,67:-cba,A c m m,"-c,b,a","c,b,-a",1
320,67,67:bca,B m c m,"b,c,a","c,a,b",1
321,67,67:a-cb,B m a m,"a,-c,b","a,c,-b",1
322,68,68:1,C c c a:1,"a,b+1/4,c+1/4","a,b-1/4,c-1/4",0
323,68,68:2,C c c a:2,"a,b,c","a,b,c",0
324,68,68:1ba-c,C c c b:1,"b,a+1/4,-c+1/4","b,a-1/4,-c-1/4",1
325,68,68:2ba-c,C c c b:2,"b,a,-c","b,a,-c",1
326,68,68:1cab,A b a a:1,"c,a+1/4,b+1/4","b-1/4,c,a-1/4",1
327,68,68:2cab,A b a a:2,"c,a,b","b,c,a",1
328,68,68:1-cba,A c a a:1,"-c,b+1/4,a+1/4","c,b-1/4,-a-1/4",1
329,68,68:2-cba,A c a a:2,"-c,b,a","c,b,-a",1
330,68,68:1bca,B b c b:1,"b,c+1/4,a+1/4","c-1/4,a-1/4,b",1
331,68,68:2bca,B b c b:2,"b,c,a","c,a,b",1
332,68,68:1a-cb,B b a b:1,"a,-c+1/4,b+1/4","a-1/4,c-1/4,-b",1
333,68,68:2a-cb,B b a b:2,"a,-c,b","a,c,-b",1
334,69,69,F m m m,"a,b,c","a,b,c",0
335,70,70:1,F d d d:1,"a-1/8,b-1/8,c-1/8","a+1/8,b+1/8,c+1/8",0
336,70,70:2,F d d d:2,"a,b,c","a,b,c",0
337,71,71,I m m m,"a,b,c","a,b,c",0
338,72,72,I b a m,"a,b,c","a,b,c",0
339,72,72:cab,I m c b,"c,a,b","b,c,a",1
340,72,72:bca,I c m a,"b,c,a","c,a,b",1
341,73,73,I b c a,"a,b,c","a,b,c",0
342,73,73:ba-c,I c a b,"b,a,-c","b,a,-c",1
343,74,74,I m m a,"a,b,c","a,b,c",0
344,74,74:ba-c,I m m b,"b,a,-c","b,a,-c",1
345,74,74:cab,I b m m,"c,a,b","b,c,a",1
346,74,74:-cba,I c m m,"-c,b,a","c,b,-a",1
347,74,74:bca,I m c m,"b,c,a","c,a,b",1
348,74,74:a-cb,I m a m,"a,-c,b","a,c,-b",1
349,75,75,P 4,"a,b,c","a,b,c",0
350,76,76,P 41,"a,b,c","a,b,c",0
351,77,77,P 42,"a,b,c","a,b,c",0
352,78,78,P 43,"a,b,c","a,b,c",0
353,79,79,I 4,"a,b,c","a,b,c",0
354,80,80,I 41,"a,b,c","a,b,c",0
355,81,81,P -4,"a,b,c","a,b,c",0
356,82,82,I -4,"a,b,c","a,b,c",0
357,83,83,P 4/m,"a,b,c","a,b,c",0
358,84,84,P 42/m,"a,b,c","a,b,c",0
359,85,85:1,P 4/n:1,"a-1/4,b+1/4,c","a+1/4,b-1/4,c",0
360,85,85:2,P 4/n:2,"a,b,c","a,b,c",0
361,86,86:1,P 42/n:1,"a-1/4,b-1/4,c-1/4","a+1/4,b+1/4,c+1/4",0
362,86,86:2,P 42/n:2,"a,b,c","a,b,c",0
363,87,87,I 4/m,"a,b,c","a,b,c",0
364,88,88:1,I 41/a:1,"a,b-1/4,c-1/8","a,b+1/4,c+1/8",0
365,88,88:2,I 41/a:2,"a,b,c","a,b,c",0
366,89,89,P 4 2 2,"a,b,c","a,b,c",0
367,90,90,P 42 1 2,"a,b,c","a,b,c",0
368,91,91,P 41 2 2,"a,b,c","a,b,c",0
369,92,92,P 41 21 2,"a,b,c","a,b,c",0
370,93,93,P 42 2 2,"a,b,c","a,b,c",0
371,94,94,P 42 21 2,"a,b,c","a,b,c",0
372,95,95,P 43 2 2,"a,b,c","a,b,c",0
373,96,96,P 43 21 2,"a,b,c","a,b,c",0
374,97,97,I 4 2 2,"a,b,c","a,b,c",0
375,98,98,I 41 2 2,"a,b,c","a,b,c",0
376,99,99,P 4 m m,"a,b,c","a,b,c",0
377,100,100,P 4 b m,"a,b,c","a,b,c",0
378,101,101,P 42 c m,"a,b,c","a,b,c",0
379,102,102,P 42 n m,"a,b,c","a,b,c",0
380,103,103,P 4 c c,"a,b,c","a,b,c",0
381,104,104,P 4 n c,"a,b,c","a,b,c",0
382,105,105,P 42 m c,"a,b,c","a,b,c",0
383,106,106,P 42 b c,"a,b,c","a,b,c",0
384,107,107,I 4 m m,"a,b,c","a,b,c",0
385,108,108,I 4 c m,"a,b,c","a,b,c",0
386,109,109,I 41 m d,"a,b,c","a,b,c",0
387,110,110,I 41 c d,"a,b,c","a,b,c",0
388,111,111,P -4 2 m,"a,b,c","a,b,c",0
389,112,112,P -4 2 c,"a,b,c","a,b,c",0
390,113,113,P -4 21 m,"a,b,c","a,b,c",0
391,114,114,P -4 21 c,"a,b,c","a,b,c",0
392,115,115,P -4 m 2,"a,b,c","a,b,c",0
393,116,116,P -4 c 2,"a,b,c","a,b,c",0
394,117,117,P -4 b 2,"a,b,c","a,b,c",0
395,118,118,P -4 n 2,"a,b,c","a,b,c",0
396,119,119,I -4 m 2,"a,b,c","a,b,c",0
397,120,120,I -4 c 2,"a,b,c","a,b,c",0
398,121,121,I -4 2 m,"a,b,c","a,b,c",0
399,122,122,I -4 2 d,"a,b,c","a,b,c",0
400,123,123,P 4/m m m,"a,b,c","a,b,c",0
401,124,124,P 4/m c c,"a,b,c","a,b,c",0
402,125,125:1,P 4/n b m:1,"a-1/4,b-1/4,c","a+1/4,b+1/4,c",0
403,125,125:2,P 4/n b m:2,"a,b,c","a,b,c",0
404,126,126:1,P 4/n n c:1,"a-1/4,b-1/4,c-1/4","a+1/4,b+1/4,c+1/4",0
405,126,126:2,P 4/n n c:2,"a,b,c","a,b,c",0
406,127,127,P 4/m b m,"a,b,c","a,b,c",0
407,128,128,P 4/m n c,"a,b,c","a,b,c",0
408,129,129:1,P 4/n m m:1,"a-1/4,b+1/4,c","a+1/4,b-1/4,c",0
409,129,129:2,P 4/n m m:2,"a,b,c","a,b,c",0
410,130,130:1,P 4/n c c:1,"a-1/4,b+1/4,c","a+1/4,b-1/4,c",0
411,130,130:2,P 4/n c c:2,"a,b,c","a,b,c",0
412,131,131,P 42/m m c,"a,b,c","a,b,c",0
413,132,132,P 42/m c m,"a,b,c","a,b,c",0
414,133,133:1,P 42/n b c:1,"a-1/4,b+1/4,c-1/4","a+1/4,b-1/4,c+1/4",0
415,133,133:2,P 42/n b c:2,"a,b,c","a,b,c",0
416,134,134:1,P 42/n n m:1,"a-1/4,b+1/4,c-1/4","a+1/4,b-1/4,c+1/4",0
417,134,134:2,P 42/n n m:2,"a,b,c","a,b,c",0
418,135,135,P 42/m b c,"a,b,c","a,b,c",0
419,136,136,P 42/m n m,"a,b,c","a,b,c",0
420,137,137:1,P 42/n m c:1,"a-1/4,b+1/4,c-1/4","a+1/4,b-1/4,c+1/4",0
421,137,137:2,P 42/n m c:2,"a,b,c","a,b,c",0
422,138,138:1,P 42/n c m:1,"a-1/4,b+1/4,c-1/4","a+1/4,b-1/4,c+1/4",0
423,138,138:2,P 42/n c m:2,"a,b,c","a,b,c",0
424,139,139,I 4/m m m,"a,b,c","a,b,c",0
425,140,140,I 4/m c m,"a,b,c","a,b,c",0
426,141,141:1,I 41/a m d:1,"a,b+1/4,c-1/8","a,b-1/4,c+1/8",0
427,141,141:2,I 41/a m d:2,"a,b,c","a,b,c",0
428,142,142:1,I 41/a c d:1,"a,b+1/4,c-1/8","a,b-1/4,c+1/8",0
429,142,142:2,I 41/a c d:2,"a,b,c","a,b,c",0
430,143,143,P 3,"a,b,c","a,b,c",0
431,144,144,P 31,"a,b,c","a,b,c",0
432,145,145,P 32,"a,b,c","a,b,c",0
433,146,146:H,R 3:H,"a,b,c","a,b,c",0
434,146,146:R,R 3:R,"2/3a+1/3b+1/3c,-1/3a+1/3b+1/3c,-1/3a-2/3b+1/3c","a-b,b-c,a+b+c",0
435,147,147,P -3,"a,b,c","a,b,c",0
436,148,148:H,R -3:H,"a,b,c","a,b,c",0
437,148,148:R,R -3:R,"2/3a+1/3b+1/3c,-1/3a+1/3b+1/3c,-1/3a-2/3b+1/3c","a-b,b-c,a+b+c",0
438,149,149,P 3 1 2,"a,b,c","a,b,c",0
439,150,150,P 3 2 1,"a,b,c","a,b,c",0
440,151,151,P 31 1 2,"a,b,c","a,b,c",0
441,152,152,P 31 2 1,"a,b,c","a,b,c",0
442,153,153,P 32 1 2,"a,b,c","a,b,c",0
443,154,154,P 32 2 1,"a,b,c","a,b,c",0
444,155,155:H,R 32:H,"a,b,c","a,b,c",0
445,155,155:R,R 32:R,"2/3a+1/3b+1/3c,-1/3a+1/3b+1/3c,-1/3a-2/3b+1/3c","a-b,b-c,a+b+c",0
446,156,156,P 3 m 1,"a,b,c","a,b,c",0
447,157,157,P 3 1 m,"a,b,c","a,b,c",0
448,158,158,P 3 c 1,"a,b,c","a,b,c",0
449,159,159,P 3 1 c,"a,b,c","a,b,c",0
450,160,160:H,R 3 m:H,"a,b,c","a,b,c",0
451,160,160:R,R 3 m:R,"2/3a+1/3b+1/3c,-1/3a+1/3b+1/3c,-1/3a-2/3b+1/3c","a-b,b-c,a+b+c",0
452,161,161:H,R 3 c:H,"a,b,c","a,b,c",0
453,161,161:R,R 3 c:R,"2/3a+1/3b+1/3c,-1/3a+1/3b+1/3c,-1/3a-2/3b+1/3c","a-b,b-c,a+b+c",0
454,162,162,P -3 1 m,"a,b,c","a,b,c",0
455,163,163,P -3 1 c,"a,b,c","a,b,c",0
456,164,164,P -3 m 1,"a,b,c","a,b,c",0
457,165,165,P -3 c 1,"a,b,c","a,b,c",0
458,166,166:H,R -3 m:H,"a,b,c","a,b,c",0
459,166,166:R,R -3 m:R,"2/3a+1/3b+1/3c,-1/3a+1/3b+1/3c,-1/3a-2/3b+1/3c","a-b,b-c,a+b+c",0
460,167,167:H,R -3 c:H,"a,b,c","a,b,c",0
461,167,167:R,R -3 c:R,"2/3a+1/3b+1/3c,-1/3a+1/3b+1/3c,-1/3a-2/3b+1/3c","a-b,b-c,a+b+c",0
462,168,168,P 6,"a,b,c","a,b,c",0
463,169,169,P 61,"a,b,c","a,b,c",0
464,170,170,P 65,"a,b,c","a,b,c",0
465,171,171,P 62,"a,b,c","a,b,c",0
466,172,172,P 64,"a,b,c","a,b,c",0
467,173,173,P 63,"a,b,c","a,b,c",0
468,174,174,P -6,"a,b,c","a,b,c",0
469,175,175,P 6/m,"a,b,c","a,b,c",0
470,176,176,P 63/m,"a,b,c","a,b,c",0
471,177,177,P 6 2 2,"a,b,c","a,b,c",0
472,178,178,P 61 2 2,"a,b,c","a,b,c",0
473,179,179,P 65 2 2,"a,b,c","a,b,c",0
474,180,180,P 62 2 2,"a,b,c","a,b,c",0
475,181,181,P 64 2 2,"a,b,c","a,b,c",0
476,182,182,P 63 2 2,"a,b,c","a,b,c",0
477,183,183,P 6 m m,"a,b,c","a,b,c",0
478,184,184,P 6 c c,"a,b,c","a,b,c",0
479,185,185,P 63 c m,"a,b,c","a,b,c",0
480,186,186,P 63 m c,"a,b,c","a,b,c",0
481,187,187,P -6 m 2,"a,b,c","a,b,c",0
482,188,188,P -6 c 2,"a,b,c","a,b,c",0
483,189,189,P -6 2 m,"a,b,c","a,b,c",0
484,190,190,P -6 2 c,"a,b,c","a,b,c",0
485,191,191,P 6/m m m,"a,b,c","a,b,c",0
486,192,192,P 6/m c c,"a,b,c","a,b,c",0
487,193,193,P 63/m c m,"a,b,c","a,b,c",0
488,194,194,P 63/m m c,"a,b,c","a,b,c",0
489,195,195,P 2 3,"a,b,c","a,b,c",0
490,196,196,F 2 3,"a,b,c","a,b,c",0
491,197,197,I 2 3,"a,b,c","a,b,c",0
492,198,198,P 21 3,"a,b,c","a,b,c",0
493,199,199,I 21 3,"a,b,c","a,b,c",0
494,200,200,P m -3,"a,b,c","a,b,c",0
495,201,201:1,P n -3:1,"a-1/4,b-1/4,c-1/4","a+1/4,b+1/4,c+1/4",0
496,201,201:2,P n -3:2,"a,b,c","a,b,c",0
497,202,202,F m -3,"a,b,c","a,b,c",0
498,203,203:1,F d -3:1,"a-1/8,b-1/8,c-1/8","a+1/8,b+1/8,c+1/8",0
499,203,203:2,F d -3:2,"a,b,c","a,b,c",0
500,204,204,I m -3,"a,b,c","a,b,c",0
501,205,205,P a -3,"a,b,c","a,b,c",0
502,206,206,I a -3,"a,b,c","a,b,c",0
503,207,207,P 4 3 2,"a,b,c","a,b,c",0
504,208,208,P 42 3 2,"a,b,c","a,b,c",0
505,209,209,F 4 3 2,"a,b,c","a,b,c",0
506,210,210,F 41 3 2,"a,b,c","a,b,c",0
507,211,211,I 4 3 2,"a,b,c","a,b,c",0
508,212,212,P 43 3 2,"a,b,c","a,b,c",0
509,213,213,P 41 3 2,"a,b,c","a,b,c",0
510,214,214,I 41 3 2,"a,b,c","a,b,c",0
511,215,215,P -4 3 m,"a,b,c","a,b,c",0
512,216,216,F -4 3 m,"a,b,c","a,b,c",0
513,217,217,I -4 3 m,"a,b,c","a,b,c",0
514,218,218,P -4 3 n,"a,b,c","a,b,c",0
515,219,219,F -4 3 c,"a,b,c","a,b,c",0
516,220,220,I -4 3 d,"a,b,c","a,b,c",0
517,221,221,P m -3 m,"a,b,c","a,b,c",0
518,222,222:1,P n -3 n:1,"a-1/4,b-1/4,c-1/4","a+1/4,b+1/4,c+1/4",0
519,222,222:2,P n -3 n:2,"a,b,c","a,b,c",0
520,223,223,P m -3 n,"a,b,c","a,b,c",0
521,224,224:1,P n -3 m:1,"a-1/4,b-1/4,c-1/4","a+1/4,b+1/4,c+1/4",0
522,224,224:2,P n -3 m:2,"a,b,c","a,b,c",0
523,225,225,F m -3 m,"a,b,c","a,b,c",0
524,226,226,F m -3 c,"a,b,c","a,b,c",0
525,227,227:1,F d -3 m:1,"a-1/8,b-1/8,c-1/8","a+1/8,b+1/8,c+1/8",0
526,227,227:2,F d -3 m:2,"a,b,c","a,b,c",0
527,228,228:1,F d -3 c:1,"a-3/8,b-3/8,c-3/8","a+3/8,b+3/8,c+3/8",0
528,228,228:2,F d -3 c:2,"a,b,c","a,b,c",0
529,229,229,I m -3 m,"a,b,c","a,b,c",0
530,230,230,I a -3 d,"a,b,c","a,b,c",0
